Verbo,Regolare,Significato,Präteritum,Participio passato,Perfetto,Caso,Riflessivo
sein,no,essere,war,gewesen,ist gewesen,-,no
haben,no,avere,hatte,gehabt,hat gehabt,Akkusativ,no
werden,no,diventare,wurde,geworden,ist geworden,Nominativ,no
können,no,potere,konnte,gekonnt,hat gekonnt,Akkusativ,no
müssen,no,dovere,musste,gemusst,hat gemusst,Akkusativ,no
sagen,sì,dire,sagte,gesagt,hat gesagt,Dativ + Akkusativ,no
machen,sì,fare,machte,gemacht,hat gemacht,Akkusativ,no
geben,no,dare,gab,gegeben,hat gegeben,Dativ + Akkusativ,no
kommen,no,venire,kam,gekommen,ist gekommen,-,no
sollen,no,dovere,sollte,gesollt,hat gesollt,Akkusativ,no
wollen,no,volere,wollte,gewollt,hat gewollt,Akkusativ,no
gehen,no,andare,ging,gegangen,ist gegangen,-,no
wissen,no,sapere,wusste,gewusst,hat gewusst,Akkusativ,no
sehen,no,vedere,sah,gesehen,hat gesehen,Akkusativ,no
lassen,no,lasciare,ließ,gelassen,hat gelassen,Akkusativ,no
stehen,no,stare in piedi,stand,gestanden,hat gestanden,-,no
finden,no,trovare,fand,gefunden,hat gefunden,Akkusativ,no
bleiben,no,rimanere,blieb,geblieben,ist geblieben,-,no
liegen,no,giacere,lag,gelegen,hat gelegen,-,no
heißen,no,chiamarsi,hieß,geheißen,hat geheißen,Nominativ,no
denken,no,pensare,dachte,gedacht,hat gedacht,Akkusativ,no
nehmen,no,prendere,nahm,genommen,hat genommen,Akkusativ,no
tun,no,fare,tat,getan,hat getan,Akkusativ,no
dürfen,no,potere (permesso),durfte,gedurft,hat gedurft,Akkusativ,no
glauben,sì,credere,glaubte,geglaubt,hat geglaubt,Dativ + Akkusativ,no
halten,no,tenere,hielt,gehalten,hat gehalten,Akkusativ,no
nennen,no,nominare,nannte,genannt,hat genannt,Akkusativ,no
mögen,no,piacere,mochte,gemocht,hat gemocht,Akkusativ,no
zeigen,sì,mostrare,zeigte,gezeigt,hat gezeigt,Dativ + Akkusativ,no
führen,sì,condurre,führte,geführt,hat geführt,Akkusativ,no
sprechen,no,parlare,sprach,gesprochen,hat gesprochen,Akkusativ,no
bringen,no,portare,brachte,gebracht,hat gebracht,Dativ + Akkusativ,no
leben,sì,vivere,lebte,gelebt,hat gelebt,-,no
fahren,no,guidare/andare,fuhr,gefahren,ist gefahren,Akkusativ,no
meinen,sì,pensare/opinare,meinte,gemeint,hat gemeint,Akkusativ,no
fragen,sì,chiedere,fragte,gefragt,hat gefragt,Akkusativ,no
kennen,no,conoscere,kannte,gekannt,hat gekannt,Akkusativ,no
gelten,no,valere,galt,gegolten,hat gegolten,Dativ,no
stellen,sì,mettere,stellte,gestellt,hat gestellt,Akkusativ,no
spielen,sì,giocare,spielte,gespielt,hat gespielt,Akkusativ,no
arbeiten,sì,lavorare,arbeitete,gearbeitet,hat gearbeitet,-,no
brauchen,sì,aver bisogno,brauchte,gebraucht,hat gebraucht,Akkusativ,no
folgen,sì,seguire,folgte,gefolgt,ist gefolgt,Dativ,no
lernen,sì,imparare,lernte,gelernt,hat gelernt,Akkusativ,no
bestehen,no,consistere,bestand,bestanden,hat bestanden,Akkusativ,no
verstehen,no,capire,verstand,verstanden,hat verstanden,Akkusativ,no
setzen,sì,mettere/porre,setzte,gesetzt,hat gesetzt,Akkusativ,sì (sich setzen)
bekommen,no,ricevere,bekam,bekommen,hat bekommen,Akkusativ,no
beginnen,no,iniziare,begann,begonnen,hat begonnen,Akkusativ,no
erzählen,sì,raccontare,erzählte,erzählt,hat erzählt,Dativ + Akkusativ,no
versuchen,sì,provare,versuchte,versucht,hat versucht,Akkusativ,no
schreiben,no,scrivere,schrieb,geschrieben,hat geschrieben,Dativ + Akkusativ,no
laufen,no,correre,lief,gelaufen,ist gelaufen,-,no
erklären,sì,spiegare,erklärte,erklärt,hat erklärt,Dativ + Akkusativ,no
entsprechen,no,corrispondere,entsprach,entsprochen,hat entsprochen,Dativ,no
sitzen,no,sedere,saß,gesessen,hat gesessen,-,no
ziehen,no,tirare,zog,gezogen,hat/ist gezogen,Akkusativ,no
scheinen,no,sembrare,schien,geschienen,hat geschienen,-,no
fallen,no,cadere,fiel,gefallen,ist gefallen,-,no
gehören,sì,appartenere,gehörte,gehört,hat gehört,Dativ,no
entstehen,no,nascere/sorgere,entstand,entstanden,ist entstanden,-,no
erhalten,no,ricevere,erhielt,erhalten,hat erhalten,Akkusativ,no
treffen,no,incontrare,traf,getroffen,hat getroffen,Akkusativ,sì (sich treffen)
suchen,sì,cercare,suchte,gesucht,hat gesucht,Akkusativ,no
legen,sì,posare,legte,gelegt,hat gelegt,Akkusativ,sì (sich legen)
vorstellen,sì,presentare,stellte vor,vorgestellt,hat vorgestellt,Dativ + Akkusativ,sì (sich vorstellen)
handeln,sì,agire,handelte,gehandelt,hat gehandelt,-,no
erreichen,sì,raggiungere,erreichte,erreicht,hat erreicht,Akkusativ,no
tragen,no,portare,trug,getragen,hat getragen,Akkusativ,no
schaffen,sì/no,creare/farcela,schuf/schaffte,geschaffen/geschafft,hat geschaffen/geschafft,Akkusativ,no
lesen,no,leggere,las,gelesen,hat gelesen,Akkusativ,no
verlieren,no,perdere,verlor,verloren,hat verloren,Akkusativ,no
darstellen,sì,rappresentare,stellte dar,dargestellt,hat dargestellt,Akkusativ,no
erkennen,no,riconoscere,erkannte,erkannt,hat erkannt,Akkusativ,no
entwickeln,sì,sviluppare,entwickelte,entwickelt,hat entwickelt,Akkusativ,sì (sich entwickeln)
reden,sì,parlare,redete,geredet,hat geredet,-,no
aussehen,no,apparire,sah aus,ausgesehen,hat ausgesehen,-,no
erscheinen,no,apparire,erschien,erschienen,ist erschienen,-,no
bilden,sì,formare,bildete,gebildet,hat gebildet,Akkusativ,sì (sich bilden)
anfangen,no,iniziare,fing an,angefangen,hat angefangen,Akkusativ,no
erwarten,sì,aspettarsi,erwartete,erwartet,hat erwartet,Akkusativ,no
wohnen,sì,abitare,wohnte,gewohnt,hat gewohnt,-,no
betreffen,no,riguardare,betraf,betroffen,hat betroffen,Akkusativ,no
warten,sì,aspettare,wartete,gewartet,hat gewartet,Akkusativ,no
vergehen,no,passare (tempo),verging,vergangen,ist vergangen,-,no
helfen,no,aiutare,half,geholfen,hat geholfen,Dativ,no
gewinnen,no,vincere,gewann,gewonnen,hat gewonnen,Akkusativ,no
schließen,no,chiudere,schloss,geschlossen,hat geschlossen,Akkusativ,no
fühlen,sì,sentire,fühlte,gefühlt,hat gefühlt,Akkusativ,sì (sich fühlen)
bieten,no,offrire,bot,geboten,hat geboten,Dativ + Akkusativ,no
interessieren,sì,interessare,interessierte,interessiert,hat interessiert,Akkusativ,sì (sich interessieren)
erinnern,sì,ricordare,erinnerte,erinnert,hat erinnert,Akkusativ,sì (sich erinnern)
ergeben,no,risultare,ergab,ergeben,hat ergeben,Akkusativ,sì (sich ergeben)
anbieten,no,offrire,bot an,angeboten,hat angeboten,Dativ + Akkusativ,no
studieren,sì,studiare,studierte,studiert,hat studiert,Akkusativ,no
verbinden,no,collegare,verband,verbunden,hat verbunden,Akkusativ,no
ansehen,no,guardare,sah an,angesehen,hat angesehen,Akkusativ,sì (sich ansehen)
fehlen,sì,mancare,fehlte,gefehlt,hat gefehlt,Dativ,no
bedeuten,sì,significare,bedeutete,bedeutet,hat bedeutet,Akkusativ,no
vergleichen,no,paragonare,verglich,verglichen,hat verglichen,Akkusativ,no
schlafen,no,dormire,schlief,geschlafen,hat geschlafen,-,no
trinken,no,bere,trank,getrunken,hat getrunken,Akkusativ,no
essen,no,mangiare,aß,gegessen,hat gegessen,Akkusativ,no
lieben,sì,amare,liebte,geliebt,hat geliebt,Akkusativ,no
hören,sì,sentire,hörte,gehört,hat gehört,Akkusativ,no
kaufen,sì,comprare,kaufte,gekauft,hat gekauft,Dativ + Akkusativ,no
verkaufen,sì,vendere,verkaufte,verkauft,hat verkauft,Dativ + Akkusativ,no
öffnen,sì,aprire,öffnete,geöffnet,hat geöffnet,Akkusativ,no
ändern,sì,cambiare,änderte,geändert,hat geändert,Akkusativ,sì (sich ändern)
steigen,no,salire,stieg,gestiegen,ist gestiegen,-,no
hängen,no,appendere,hing,gehangen,hat gehangen,-,no
achten,sì,fare attenzione,achtete,geachtet,hat geachtet,Akkusativ,no
benutzen,sì,usare,benutzte,benutzt,hat benutzt,Akkusativ,no
verwenden,no,utilizzare,verwandte/verwendete,verwandt/verwendet,hat verwandt/verwendet,Akkusativ,no
bestimmen,sì,determinare,bestimmte,bestimmt,hat bestimmt,Akkusativ,no
untersuchen,sì,esaminare,untersuchte,untersucht,hat untersucht,Akkusativ,no
betrachten,sì,considerare,betrachtete,betrachtet,hat betrachtet,Akkusativ,no
beschreiben,no,descrivere,beschrieb,beschrieben,hat beschrieben,Akkusativ,no
beweisen,no,dimostrare,bewies,bewiesen,hat bewiesen,Akkusativ,no
entscheiden,no,decidere,entschied,entschieden,hat entschieden,Akkusativ,sì (sich entscheiden)
erfahren,no,venire a sapere,erfuhr,erfahren,hat erfahren,Akkusativ,no
genießen,no,godere,genoss,genossen,hat genossen,Akkusativ,no
behalten,no,mantenere,behielt,behalten,hat behalten,Akkusativ,no
begegnen,sì,incontrare,begegnete,begegnet,ist begegnet,Dativ,no
bemerken,sì,notare,bemerkte,bemerkt,hat bemerkt,Akkusativ,no
beschließen,no,decidere,beschloss,beschlossen,hat beschlossen,Akkusativ,no
bewegen,sì/no,muovere,bewegte/bewog,bewegt/bewogen,hat bewegt/bewogen,Akkusativ,sì (sich bewegen)
beziehen,no,riferirsi,bezog,bezogen,hat bezogen,Akkusativ,sì (sich beziehen)
bitten,no,pregare,bat,gebeten,hat gebeten,Akkusativ,no
fördern,sì,promuovere,förderte,gefördert,hat gefördert,Akkusativ,no
fordern,sì,esigere,forderte,gefordert,hat gefordert,Akkusativ,no
sorgen,sì,preoccuparsi,sorgte,gesorgt,hat gesorgt,Akkusativ,sì (sich sorgen)
freuen,sì,rallegrarsi,freute,gefreut,hat gefreut,Akkusativ,sì (sich freuen)
ärgern,sì,irritare,ärgerte,geärgert,hat geärgert,Akkusativ,sì (sich ärgern)
wundern,sì,stupirsi,wunderte,gewundert,hat gewundert,Akkusativ,sì (sich wundern)
hoffen,sì,sperare,hoffte,gehofft,hat gehofft,Akkusativ,no
wünschen,sì,desiderare,wünschte,gewünscht,hat gewünscht,Dativ + Akkusativ,sì (sich wünschen)
leuchten,sì,illuminare,leuchtete,geleuchtet,hat geleuchtet,-,no
brennen,no,bruciare,brannte,gebrannt,hat gebrannt,-,no
bauen,sì,costruire,baute,gebaut,hat gebaut,Akkusativ,no
zerstören,sì,distruggere,zerstörte,zerstört,hat zerstört,Akkusativ,no
retten,sì,salvare,rettete,gerettet,hat gerettet,Akkusativ,no
töten,sì,uccidere,tötete,getötet,hat getötet,Akkusativ,no
sterben,no,morire,starb,gestorben,ist gestorben,-,no
aufwachsen,no,crescere,wuchs auf,aufgewachsen,ist aufgewachsen,-,no
pflegen,sì,curare,pflegte,gepflegt,hat gepflegt,Akkusativ,no
heilen,sì,guarire,heilte,geheilt,hat geheilt,Akkusativ,no
leiden,no,soffrire,litt,gelitten,hat gelitten,Akkusativ,no
schmerzen,sì,far male,schmerzte,geschmerzt,hat geschmerzt,-,no
lachen,sì,ridere,lachte,gelacht,hat gelacht,-,no
weinen,sì,piangere,weinte,geweint,hat geweint,-,no
lächeln,sì,sorridere,lächelte,gelächelt,hat gelächelt,-,no
grüßen,sì,salutare,grüßte,gegrüßt,hat gegrüßt,Akkusativ,no
danken,sì,ringraziare,dankte,gedankt,hat gedankt,Dativ,no
entschuldigen,sì,scusare,entschuldigte,entschuldigt,hat entschuldigt,Akkusativ,sì (sich entschuldigen)
verzeihen,no,perdonare,verzieh,verziehen,hat verziehen,Dativ,no
versprechen,no,promettere,versprach,versprochen,hat versprochen,Dativ + Akkusativ,no
drohen,sì,minacciare,drohte,gedroht,hat gedroht,Dativ,no
warnen,sì,avvertire,warnte,gewarnt,hat gewarnt,Akkusativ,no
loben,sì,lodare,lobte,gelobt,hat gelobt,Akkusativ,no
kritisieren,sì,criticare,kritisierte,kritisiert,hat kritisiert,Akkusativ,no
antworten,sì,rispondere,antwortete,geantwortet,hat geantwortet,Dativ,no
reagieren,sì,reagire,reagierte,reagiert,hat reagiert,Akkusativ,no
diskutieren,sì,discutere,diskutierte,diskutiert,hat diskutiert,Akkusativ,no
streiten,no,litigare,stritt,gestritten,hat gestritten,-,sì (sich streiten)
kämpfen,sì,combattere,kämpfte,gekämpft,hat gekämpft,-,no
siegen,sì,vincere,siegte,gesiegt,hat gesiegt,-,no
verteidigen,sì,difendere,verteidigte,verteidigt,hat verteidigt,Akkusativ,no
angreifen,no,attaccare,griff an,angegriffen,hat angegriffen,Akkusativ,no
schützen,sì,proteggere,schützte,geschützt,hat geschützt,Akkusativ,no
riskieren,sì,rischiare,riskierte,riskiert,hat riskiert,Akkusativ,no
wagen,sì,osare,wagte,gewagt,hat gewagt,Akkusativ,no
trauen,sì,fidarsi,traute,getraut,hat getraut,Dativ,sì (sich trauen)
vertrauen,sì,aver fiducia,vertraute,vertraut,hat vertraut,Dativ,no
zweifeln,sì,dubitare,zweifelte,gezweifelt,hat gezweifelt,Akkusativ,no
überzeugen,sì,convincere,überzeugte,überzeugt,hat überzeugt,Akkusativ,no
beeinflussen,sì,influenzare,beeinflusste,beeinflusst,hat beeinflusst,Akkusativ,no
scheitern,sì,fallire,scheiterte,gescheitert,ist gescheitert,-,no
gelingen,no,riuscire,gelang,gelungen,ist gelungen,Dativ,no
misslingen,no,fallire,misslang,misslungen,ist misslungen,Dativ,no
klappen,sì,funzionare,klappte,geklappt,hat geklappt,-,no
funktionieren,sì,funzionare,funktionierte,funktioniert,hat funktioniert,-,no
passen,sì,andare bene,passte,gepasst,hat gepasst,Dativ,no
stimmen,sì,essere giusto,stimmte,gestimmt,hat gestimmt,-,no
zählen,sì,contare,zählte,gezählt,hat gezählt,Akkusativ,no
rechnen,sì,calcolare,rechnete,gerechnet,hat gerechnet,Akkusativ,no
messen,no,misurare,maß,gemessen,hat gemessen,Akkusativ,no
wiegen,no,pesare,wog,gewogen,hat gewogen,Akkusativ,no
kosten,sì,costare,kostete,gekostet,hat gekostet,Akkusativ,no
zahlen,sì,pagare,zahlte,gezahlt,hat gezahlt,Akkusativ,no
sparen,sì,risparmiare,sparte,gespart,hat gespart,Akkusativ,no
ausgeben,no,spendere,gab aus,ausgegeben,hat ausgegeben,Akkusativ,no
verdienen,sì,guadagnare,verdiente,verdient,hat verdient,Akkusativ,no
investieren,sì,investire,investierte,investiert,hat investiert,Akkusativ,no
leihen,no,prestare,lieh,geliehen,hat geliehen,Dativ + Akkusativ,no
borgen,sì,prendere in prestito,borgte,geborgt,hat geborgt,Dativ + Akkusativ,no
schulden,sì,dovere (denaro),schuldete,geschuldet,hat geschuldet,Dativ + Akkusativ,no
besitzen,no,possedere,besaß,besessen,hat besessen,Akkusativ,no
teilen,sì,dividere,teilte,geteilt,hat geteilt,Akkusativ,no
trennen,sì,separare,trennte,getrennt,hat getrennt,Akkusativ,sì (sich trennen)
sammeln,sì,raccogliere,sammelte,gesammelt,hat gesammelt,Akkusativ,no
verteilen,sì,distribuire,verteilte,verteilt,hat verteilt,Akkusativ,no
ordnen,sì,ordinare,ordnete,geordnet,hat geordnet,Akkusativ,no
organisieren,sì,organizzare,organisierte,organisiert,hat organisiert,Akkusativ,no
planen,sì,pianificare,plante,geplant,hat geplant,Akkusativ,no
vorbereiten,sì,preparare,bereitete vor,vorbereitet,hat vorbereitet,Akkusativ,sì (sich vorbereiten)
durchführen,sì,eseguire,führte durch,durchgeführt,hat durchgeführt,Akkusativ,no
ausführen,sì,eseguire,führte aus,ausgeführt,hat ausgeführt,Akkusativ,no
erfüllen,sì,compiere,erfüllte,erfüllt,hat erfüllt,Akkusativ,no
vollenden,sì,completare,vollendete,vollendet,hat vollendet,Akkusativ,no
beenden,sì,terminare,beendete,beendet,hat beendet,Akkusativ,no
aufhören,sì,smettere,hörte auf,aufgehört,hat aufgehört,-,no
abbrechen,no,interrompere,brach ab,abgebrochen,hat abgebrochen,Akkusativ,no
fortsetzen,sì,continuare,setzte fort,fortgesetzt,hat fortgesetzt,Akkusativ,no
weitermachen,sì,continuare,machte weiter,weitergemacht,hat weitergemacht,-,no
pausieren,sì,fare una pausa,pausierte,pausiert,hat pausiert,-,no
ruhen,sì,riposare,ruhte,geruht,hat geruht,-,no
entspannen,sì,rilassarsi,entspannte,entspannt,hat entspannt,Akkusativ,sì (sich entspannen)
erholen,sì,riprendersi,erholte,erholt,hat erholt,Akkusativ,sì (sich erholen)
ausruhen,sì,riposarsi,ruhte aus,ausgeruht,hat ausgeruht,Akkusativ,sì (sich ausruhen)
träumen,sì,sognare,träumte,geträumt,hat geträumt,Akkusativ,no
erwachen,sì,svegliarsi,erwachte,erwacht,ist erwacht,-,no
aufwachen,sì,svegliarsi,wachte auf,aufgewacht,ist aufgewacht,-,no
aufstehen,no,alzarsi,stand auf,aufgestanden,ist aufgestanden,-,no
aufwecken,sì,svegliare,weckte auf,aufgeweckt,hat aufgeweckt,Akkusativ,no
anziehen,no,vestirsi,zog an,angezogen,hat angezogen,Akkusativ,sì (sich anziehen)
ausziehen,no,spogliarsi,zog aus,ausgezogen,hat ausgezogen,Akkusativ,sì (sich ausziehen)
kleiden,sì,vestire,kleidete,gekleidet,hat gekleidet,Akkusativ,sì (sich kleiden)
waschen,no,lavare,wusch,gewaschen,hat gewaschen,Akkusativ,sì (sich waschen)
putzen,sì,pulire,putzte,geputzt,hat geputzt,Akkusativ,no
reinigen,sì,pulire,reinigte,gereinigt,hat gereinigt,Akkusativ,no
trocknen,sì,asciugare,trocknete,getrocknet,hat getrocknet,Akkusativ,no
bügeln,sì,stirare,bügelte,gebügelt,hat gebügelt,Akkusativ,no
nähen,sì,cucire,nähte,genäht,hat genäht,Akkusativ,no
flicken,sì,rammendare,flickte,geflickt,hat geflickt,Akkusativ,no
kochen,sì,cucinare,kochte,gekocht,hat gekocht,Akkusativ,no
braten,no,friggere,briet,gebraten,hat gebraten,Akkusativ,no
backen,no,cuocere al forno,buk/backte,gebacken,hat gebacken,Akkusativ,no
grillen,sì,grigliare,grillte,gegrillt,hat gegrillt,Akkusativ,no
zubereiten,sì,preparare,bereitete zu,zubereitet,hat zubereitet,Akkusativ,no
servieren,sì,servire,servierte,serviert,hat serviert,Dativ + Akkusativ,no
probieren,sì,assaggiare,probierte,probiert,hat probiert,Akkusativ,no
schmecken,sì,avere sapore,schmeckte,geschmeckt,hat geschmeckt,Dativ,no
riechen,no,odorare,roch,gerochen,hat gerochen,Akkusativ,no
duften,sì,profumare,duftete,geduftet,hat geduftet,-,no
stinken,no,puzzare,stank,gestunken,hat gestunken,-,no
atmen,sì,respirare,atmete,geatmet,hat geatmet,-,no
husten,sì,tossire,hustete,gehustet,hat gehustet,-,no
niesen,sì,starnutire,nieste,geniest,hat geniest,-,no
üben,sì,esercitare,übte,geübt,hat geübt,Akkusativ,no
trainieren,sì,allenare,trainierte,trainiert,hat trainiert,Akkusativ,no
unterrichten,sì,insegnare,unterrichtete,unterrichtet,hat unterrichtet,Akkusativ,no
lehren,sì,insegnare,lehrte,gelehrt,hat gelehrt,Dativ + Akkusativ,no
beibringen,no,insegnare,brachte bei,beigebracht,hat beigebracht,Dativ + Akkusativ,no
ausbilden,sì,formare,bildete aus,ausgebildet,hat ausgebildet,Akkusativ,no
erziehen,no,educare,erzog,erzogen,hat erzogen,Akkusativ,no
präsentieren,sì,presentare,präsentierte,präsentiert,hat präsentiert,Dativ + Akkusativ,no
demonstrieren,sì,dimostrare,demonstrierte,demonstriert,hat demonstriert,Akkusativ,no
zeigen,sì,indicare,zeigte,gezeigt,hat gezeigt,Dativ + Akkusativ,no
empfehlen,no,raccomandare,empfahl,empfohlen,hat empfohlen,Dativ + Akkusativ,no
raten,no,consigliare,riet,geraten,hat geraten,Dativ,no
vorschlagen,no,proporre,schlug vor,vorgeschlagen,hat vorgeschlagen,Dativ + Akkusativ,no
beraten,no,consigliare,beriet,beraten,hat beraten,Akkusativ,no
informieren,sì,informare,informierte,informiert,hat informiert,Akkusativ,no
mitteilen,sì,comunicare,teilte mit,mitgeteilt,hat mitgeteilt,Dativ + Akkusativ,no
melden,sì,annunciare,meldete,gemeldet,hat gemeldet,Akkusativ,sì (sich melden)
benachrichtigen,sì,avvisare,benachrichtigte,benachrichtigt,hat benachrichtigt,Akkusativ,no
warnen,sì,avvertire,warnte,gewarnt,hat gewarnt,Akkusativ,no
mahnen,sì,ammonire,mahnte,gemahnt,hat gemahnt,Akkusativ,no
ermahnen,sì,ammonire,ermahnte,ermahnt,hat ermahnt,Akkusativ,no
ermahnten,sì,esortare,ermahnte,ermahnt,hat ermahnt,Akkusativ,no
bieten,no,offrire,bot,geboten,hat geboten,Dativ + Akkusativ,no
anbieten,no,offrire,bot an,angeboten,hat angeboten,Dativ + Akkusativ,no
schenken,sì,regalare,schenkte,geschenkt,hat geschenkt,Dativ + Akkusativ,no
spenden,sì,donare,spendete,gespendet,hat gespendet,Dativ + Akkusativ,no
widmen,sì,dedicare,widmete,gewidmet,hat gewidmet,Dativ + Akkusativ,no
opfern,sì,sacrificare,opferte,geopfert,hat geopfert,Akkusativ,no
verleihen,no,prestare/conferire,verlieh,verliehen,hat verliehen,Dativ + Akkusativ,no
gewähren,sì,concedere,gewährte,gewährt,hat gewährt,Dativ + Akkusativ,no
erlauben,sì,permettere,erlaubte,erlaubt,hat erlaubt,Dativ + Akkusativ,no
gestatten,sì,permettere,gestattete,gestattet,hat gestattet,Dativ + Akkusativ,no
genehmigen,sì,approvare,genehmigte,genehmigt,hat genehmigt,Akkusativ,no
verbieten,no,vietare,verbot,verboten,hat verboten,Dativ + Akkusativ,no
untersagen,sì,proibire,untersagte,untersagt,hat untersagt,Dativ + Akkusativ,no
hindern,sì,impedire,hinderte,gehindert,hat gehindert,Akkusativ,no
verhindern,sì,impedire,verhinderte,verhindert,hat verhindert,Akkusativ,no
stören,sì,disturbare,störte,gestört,hat gestört,Akkusativ,no
unterbrechen,no,interrompere,unterbrach,unterbrochen,hat unterbrochen,Akkusativ,no
fortfahren,no,continuare,fuhr fort,fortgefahren,ist fortgefahren,-,no
weitergehen,no,continuare,ging weiter,weitergegangen,ist weitergegangen,-,no
aufgeben,no,rinunciare,gab auf,aufgegeben,hat aufgegeben,Akkusativ,no
verzichten,sì,rinunciare,verzichtete,verzichtet,hat verzichtet,Akkusativ,no
vermeiden,no,evitare,vermied,vermieden,hat vermieden,Akkusativ,no
verweigern,sì,rifiutare,verweigerte,verweigert,hat verweigert,Akkusativ,no
ablehnen,sì,rifiutare,lehnte ab,abgelehnt,hat abgelehnt,Akkusativ,no
zurückweisen,no,respingere,wies zurück,zurückgewiesen,hat zurückgewiesen,Akkusativ,no
akzeptieren,sì,accettare,akzeptierte,akzeptiert,hat akzeptiert,Akkusativ,no
annehmen,no,accettare,nahm an,angenommen,hat angenommen,Akkusativ,no
empfangen,no,ricevere,empfing,empfangen,hat empfangen,Akkusativ,no
begrüßen,sì,salutare,begrüßte,begrüßt,hat begrüßt,Akkusativ,no
willkommen heißen,no,dare il benvenuto,hieß willkommen,willkommen geheißen,hat willkommen geheißen,Akkusativ,no
verabschieden,sì,congedarsi,verabschiedete,verabschiedet,hat verabschiedet,Akkusativ,sì (sich verabschieden)
verlassen,no,lasciare,verließ,verlassen,hat verlassen,Akkusativ,no
weggehen,no,andare via,ging weg,weggegangen,ist weggegangen,-,no
fortgehen,no,andare via,ging fort,fortgegangen,ist fortgegangen,-,no
abreisen,sì,partire,reiste ab,abgereist,ist abgereist,-,no
abfahren,no,partire,fuhr ab,abgefahren,ist abgefahren,-,no
ankommen,no,arrivare,kam an,angekommen,ist angekommen,-,no
zurückkommen,no,tornare,kam zurück,zurückgekommen,ist zurückgekommen,-,no
zurückkehren,sì,ritornare,kehrte zurück,zurückgekehrt,ist zurückgekehrt,-,no
heimkehren,sì,tornare a casa,kehrte heim,heimgekehrt,ist heimgekehrt,-,no
besuchen,sì,visitare,besuchte,besucht,hat besucht,Akkusativ,no
besichtigen,sì,visitare,besichtigte,besichtigt,hat besichtigt,Akkusativ,no
erkunden,sì,esplorare,erkundete,erkundet,hat erkundet,Akkusativ,no
erforschen,sì,esplorare,erforschte,erforscht,hat erforscht,Akkusativ,no
untersuchen,sì,indagare,untersuchte,untersucht,hat untersucht,Akkusativ,no
prüfen,sì,verificare,prüfte,geprüft,hat geprüft,Akkusativ,no
testen,sì,testare,testete,getestet,hat getestet,Akkusativ,no
kontrollieren,sì,controllare,kontrollierte,kontrolliert,hat kontrolliert,Akkusativ,no
überprüfen,sì,verificare,überprüfte,überprüft,hat überprüft,Akkusativ,no
nachprüfen,sì,controllare,prüfte nach,nachgeprüft,hat nachgeprüft,Akkusativ,no
bestätigen,sì,confermare,bestätigte,bestätigt,hat bestätigt,Akkusativ,no
bejahen,sì,affermare,bejahte,bejaht,hat bejaht,Akkusativ,no
verneinen,sì,negare,verneinte,verneint,hat verneint,Akkusativ,no
leugnen,sì,negare,leugnete,geleugnet,hat geleugnet,Akkusativ,no
widersprechen,no,contraddire,widersprach,widersprochen,hat widersprochen,Dativ,no
zustimmen,sì,essere d'accordo,stimmte zu,zugestimmt,hat zugestimmt,Dativ,no
einwilligen,sì,acconsentire,willigte ein,eingewilligt,hat eingewilligt,Akkusativ,no
einverstanden sein,no,essere d'accordo,war einverstanden,einverstanden gewesen,ist einverstanden gewesen,-,no
protestieren,sì,protestare,protestierte,protestiert,hat protestiert,-,no
demonstrieren,sì,manifestare,demonstrierte,demonstriert,hat demonstriert,-,no
rebellieren,sì,ribellarsi,rebellierte,rebelliert,hat rebelliert,-,no
revoltieren,sì,rivoltarsi,revoltierte,revoltiert,hat revoltiert,-,no
kämpfen,sì,lottare,kämpfte,gekämpft,hat gekämpft,-,no
ringen,no,lottare,rang,gerungen,hat gerungen,-,no
streiten,no,disputare,stritt,gestritten,hat gestritten,-,no
zanken,sì,litigare,zankte,gezankt,hat gezankt,-,sì (sich zanken)
schimpfen,sì,sgridare,schimpfte,geschimpft,hat geschimpft,-,no
fluchen,sì,bestemmiare,fluchte,geflucht,hat geflucht,-,no
schwören,no,giurare,schwor,geschworen,hat geschworen,Akkusativ,no
versichern,sì,assicurare,versicherte,versichert,hat versichert,Dativ + Akkusativ,no
garantieren,sì,garantire,garantierte,garantiert,hat garantiert,Dativ + Akkusativ,no
gewährleisten,sì,garantire,gewährleistete,gewährleistet,hat gewährleistet,Akkusativ,no
sichern,sì,assicurare,sicherte,gesichert,hat gesichert,Akkusativ,no
schützen,sì,proteggere,schützte,geschützt,hat geschützt,Akkusativ,no
bewahren,sì,conservare,bewahrte,bewahrt,hat bewahrt,Akkusativ,no
erhalten,no,conservare,erhielt,erhalten,hat erhalten,Akkusativ,no
aufbewahren,sì,conservare,bewahrte auf,aufbewahrt,hat aufbewahrt,Akkusativ,no
speichern,sì,salvare/memorizzare,speicherte,gespeichert,hat gespeichert,Akkusativ,no
lagern,sì,immagazzinare,lagerte,gelagert,hat gelagert,Akkusativ,no
aufheben,no,conservare,hob auf,aufgehoben,hat aufgehoben,Akkusativ,no
wegwerfen,no,buttare via,warf weg,weggeworfen,hat weggeworfen,Akkusativ,no
entsorgen,sì,smaltire,entsorgte,entsorgt,hat entsorgt,Akkusativ,no
beseitigen,sì,eliminare,beseitigte,beseitigt,hat beseitigt,Akkusativ,no
entfernen,sì,rimuovere,entfernte,entfernt,hat entfernt,Akkusativ,no
löschen,sì,cancellare,löschte,gelöscht,hat gelöscht,Akkusativ,no
streichen,no,cancellare,strich,gestrichen,hat gestrichen,Akkusativ,no
tilgen,sì,cancellare,tilgte,getilgt,hat getilgt,Akkusativ,no
vernichten,sì,distruggere,vernichtete,vernichtet,hat vernichtet,Akkusativ,no
zerstören,sì,distruggere,zerstörte,zerstört,hat zerstört,Akkusativ,no
ruinieren,sì,rovinare,ruinierte,ruiniert,hat ruiniert,Akkusativ,no
beschädigen,sì,danneggiare,beschädigte,beschädigt,hat beschädigt,Akkusativ,no
verletzen,sì,ferire,verletzte,verletzt,hat verletzt,Akkusativ,no
verwunden,sì,ferire,verwundete,verwundet,hat verwundet,Akkusativ,no
schaden,sì,danneggiare,schadete,geschadet,hat geschadet,Dativ,no
nützen,sì,essere utile,nützte,genützt,hat genützt,Dativ,no
nutzen,sì,usare,nutzte,genutzt,hat genutzt,Akkusativ,no
helfen,no,aiutare,half,geholfen,hat geholfen,Dativ,no
unterstützen,sì,sostenere,unterstützte,unterstützt,hat unterstützt,Akkusativ,no
beistehen,no,assistere,stand bei,beigestanden,hat beigestanden,Dativ,no
assistieren,sì,assistere,assistierte,assistiert,hat assistiert,Dativ,no
dienen,sì,servire,diente,gedient,hat gedient,Dativ,no
begünstigen,sì,favorire,begünstigte,begünstigt,hat begünstigt,Akkusativ,no
bevorzugen,sì,preferire,bevorzugte,bevorzugt,hat bevorzugt,Akkusativ,no
vorziehen,no,preferire,zog vor,vorgezogen,hat vorgezogen,Akkusativ,no
wählen,sì,scegliere,wählte,gewählt,hat gewählt,Akkusativ,no
auswählen,sì,selezionare,wählte aus,ausgewählt,hat ausgewählt,Akkusativ,no
aussuchen,sì,scegliere,suchte aus,ausgesucht,hat ausgesucht,Akkusativ,no
entscheiden,no,decidere,entschied,entschieden,hat entschieden,Akkusativ,sì (sich entscheiden)
bestimmen,sì,decidere,bestimmte,bestimmt,hat bestimmt,Akkusativ,no
festlegen,sì,stabilire,legte fest,festgelegt,hat festgelegt,Akkusativ,no
festsetzen,sì,fissare,setzte fest,festgesetzt,hat festgesetzt,Akkusativ,no
vereinbaren,sì,concordare,vereinbarte,vereinbart,hat vereinbart,Akkusativ,no
verabreden,sì,fissare un appuntamento,verabredete,verabredet,hat verabredet,Akkusativ,sì (sich verabreden)
absprechen,no,concordare,sprach ab,abgesprochen,hat abgesprochen,Akkusativ,no
koordinieren,sì,coordinare,koordinierte,koordiniert,hat koordiniert,Akkusativ,no
abstimmen,sì,coordinare,stimmte ab,abgestimmt,hat abgestimmt,Akkusativ,no
anpassen,sì,adattare,passte an,angepasst,hat angepasst,Akkusativ,sì (sich anpassen)
adaptieren,sì,adattare,adaptierte,adaptiert,hat adaptiert,Akkusativ,no
modifizieren,sì,modificare,modifizierte,modifiziert,hat modifiziert,Akkusativ,no
verändern,sì,modificare,veränderte,verändert,hat verändert,Akkusativ,sì (sich verändern)
umwandeln,sì,trasformare,wandelte um,umgewandelt,hat umgewandelt,Akkusativ,no
verwandeln,sì,trasformare,verwandelte,verwandelt,hat verwandelt,Akkusativ,sì (sich verwandeln)
umformen,sì,trasformare,formte um,umgeformt,hat umgeformt,Akkusativ,no
gestalten,sì,configurare,gestaltete,gestaltet,hat gestaltet,Akkusativ,no
formen,sì,formare,formte,geformt,hat geformt,Akkusativ,no
prägen,sì,coniare/caratterizzare,prägte,geprägt,hat geprägt,Akkusativ,no
beeinflussen,sì,influenzare,beeinflusste,beeinflusst,hat beeinflusst,Akkusativ,no
wirken,sì,agire/avere effetto,wirkte,gewirkt,hat gewirkt,-,no
auswirken,sì,avere effetto,wirkte aus,ausgewirkt,hat ausgewirkt,-,sì (sich auswirken)
einwirken,sì,agire su,wirkte ein,eingewirkt,hat eingewirkt,Akkusativ,no
betreffen,no,riguardare,betraf,betroffen,hat betroffen,Akkusativ,no
angehen,no,riguardare,ging an,angegangen,hat angegangen,Akkusativ,no
berühren,sì,toccare,berührte,berührt,hat berührt,Akkusativ,no
betasten,sì,palpare,betastete,betastet,hat betastet,Akkusativ,no
anfassen,sì,toccare,fasste an,angefasst,hat angefasst,Akkusativ,no
greifen,no,afferrare,griff,gegriffen,hat gegriffen,Akkusativ,no
ergreifen,no,afferrare,ergriff,ergriffen,hat ergriffen,Akkusativ,no
packen,sì,afferrare,packte,gepackt,hat gepackt,Akkusativ,no
fassen,sì,afferrare,fasste,gefasst,hat gefasst,Akkusativ,no
festhalten,no,tenere fermo,hielt fest,festgehalten,hat festgehalten,Akkusativ,no
halten,no,tenere,hielt,gehalten,hat gehalten,Akkusativ,no
tragen,no,portare,trug,getragen,hat getragen,Akkusativ,no
schleppen,sì,trascinare,schleppte,geschleppt,hat geschleppt,Akkusativ,no
ziehen,no,tirare,zog,gezogen,hat gezogen,Akkusativ,no
zerren,sì,tirare con forza,zerrte,gezerrt,hat gezerrt,Akkusativ,no
drücken,sì,premere,drückte,gedrückt,hat gedrückt,Akkusativ,no
pressen,sì,premere,presste,gepresst,hat gepresst,Akkusativ,no
schieben,no,spingere,schob,geschoben,hat geschoben,Akkusativ,no
stoßen,no,spingere,stieß,gestoßen,hat gestoßen,Akkusativ,no
werfen,no,lanciare,warf,geworfen,hat geworfen,Akkusativ,no
schleudern,sì,lanciare,schleuderte,geschleudert,hat geschleudert,Akkusativ,no
schießen,no,sparare,schoss,geschossen,hat geschossen,Akkusativ,no
treffen,no,colpire,traf,getroffen,hat getroffen,Akkusativ,no
schlagen,no,colpire,schlug,geschlagen,hat geschlagen,Akkusativ,no
hauen,no,picchiare,hieb/haute,gehauen,hat gehauen,Akkusativ,no
prügeln,sì,picchiare,prügelte,geprügelt,hat geprügelt,Akkusativ,no
boxen,sì,fare a pugni,boxte,geboxt,hat geboxt,-,no
kämpfen,sì,combattere,kämpfte,gekämpft,hat gekämpft,-,no
fechten,no,fare scherma,focht,gefochten,hat gefochten,-,no
ringen,no,lottare,rang,gerungen,hat gerungen,-,no
schwimmen,no,nuotare,schwamm,geschwommen,ist geschwommen,-,no
tauchen,sì,immergersi,tauchte,getaucht,hat/ist getaucht,-,no
segeln,sì,navigare a vela,segelte,gesegelt,ist gesegelt,-,no
rudern,sì,remare,ruderte,gerudert,ist gerudert,-,no
paddeln,sì,pagaiare,paddelte,gepaddelt,ist gepaddelt,-,no
klettern,sì,arrampicarsi,kletterte,geklettert,ist geklettert,-,no
steigen,no,salire,stieg,gestiegen,ist gestiegen,-,no
springen,no,saltare,sprang,gesprungen,ist gesprungen,-,no
hüpfen,sì,saltellare,hüpfte,gehüpft,ist gehüpft,-,no
tanzen,sì,ballare,tanzte,getanzt,hat getanzt,-,no
singen,no,cantare,sang,gesungen,hat gesungen,Akkusativ,no
pfeifen,no,fischiare,pfiff,gepfiffen,hat gepfiffen,Akkusativ,no
summen,sì,canticchiare,summte,gesummt,hat gesummt,Akkusativ,no
brummen,sì,ronzare,brummte,gebrummt,hat gebrummt,-,no
rauschen,sì,scrosciare,rauschte,gerauscht,hat gerauscht,-,no
klingen,no,suonare,klang,geklungen,hat geklungen,-,no
tönen,sì,risuonare,tönte,getönt,hat getönt,-,no
läuten,sì,suonare (campana),läutete,geläutet,hat geläutet,-,no
klingeln,sì,suonare (campanello),klingelte,geklingelt,hat geklingelt,-,no
läuten,sì,squillare,läutete,geläutet,hat geläutet,-,no
ticken,sì,ticchettare,tickte,getickt,hat getickt,-,no
schnarchen,sì,russare,schnarchte,geschnarcht,hat geschnarcht,-,no
gähnen,sì,sbadigliare,gähnte,gegähnt,hat gegähnt,-,no
seufzen,sì,sospirare,seufzte,geseufzt,hat geseufzt,-,no
stöhnen,sì,gemere,stöhnte,gestöhnt,hat gestöhnt,-,no
ächzen,sì,gemere,ächzte,geächzt,hat geächzt,-,no